,Title,Subtitle,Link
0,ARGY BARGEY,Inside first migrants barge critics call 'cruel' – but it has luxury facilities,https://www.thesun.co.uk/news/21957789/inside-barge-housing-migrants-with-luxury-facilities/
1,PROUD SHOW,Full list of Royals set to appear on palace balcony for King Charles' coronation,https://www.thesun.co.uk/fabulous/21958426/which-royal-family-members-balcony-coronation/
2,NO CHARGE,Peter Murrell released without charge following arrest amid SNP finances probe,https://www.thesun.co.uk/news/21957559/peter-murrell-released-without-charge-arrest-snp-probe/
3,DIRRTY SECRET!,Christina Aguilera makes X-rated confession about sex with her boyfriend,https://www.thesun.co.uk/tvandshowbiz/21956153/christina-aguilera-sex-plane-boyfriend-matthew-rutler/
4,POWER MOVE,Popular bathroom feature could be banned in plans to save water,https://www.thesun.co.uk/news/21957473/power-shower-bathroom-feature-banned-plans-save-water/
5,'ABHORRENT & CRUEL',Eight women guilty over one of Britain's worst-ever child sex rings,https://www.thesun.co.uk/news/21958402/walsall-wolverhampton-child-sex-abuse-ring-women/
6,THE SUN SAYS,Only middle-class lefties could whinge migrant barge is not luxurious enough,https://www.thesun.co.uk/news/21958190/sun-says-hand-wringing-left-slam-asylum-migrant-barge/
7,MASSIVE SAVINGS,Simba deals: Get up to 55% off,https://www.thesun.co.uk/sun-selects/16526814/simba-deals-discount-codes/
8,TOP TIPS,"Get the best tips, odds, and betting offers ahead of the Masters at Augusta",https://www.thesun.co.uk/betting/21887304/the-masters-betting-tips-odds-betting-offers/
9,DEAR DEIDRE,I'm thinking of inviting another man into our bed to spice up my wife's libido,https://www.thesun.co.uk/dear-deidre/21948363/inviting-another-man-bed-spice-wife-sex-libido/
10,SEX OFFENDERS SCANDAL,300 criminals convicted of sex acts on KIDS dodging jail every year,https://www.thesun.co.uk/news/politics/21959103/criminals-sex-offenders-dodging-jail-every-year/
11,TOT ALONE,Hunt for girl seen wandering streets alone before telling passersby 'I'm lost',https://www.thesun.co.uk/news/21955517/torquay-missing-girl-latest-news/
12,'WHAT HAPPENED?',Wetherspoons customers fuming after pub chain made major change to prices,https://www.thesun.co.uk/money/21959574/wetherspoons-price-changes-menu-latest/
13,ROD LIDDLE,Biased Beeb never asked if Donald charges are Trumped up,https://www.thesun.co.uk/news/21958086/biased-bbc-donald-trump-charges-rod-liddle/
14,'PERSONAL STAKE',Bill Clinton makes bombshell apology for Ukraine war in shock interview,https://www.thesun.co.uk/news/21959713/bill-clinton-apology-russia-ukraine-war/
15,TV BLAZE,"Big budget Amazon show in chaos after fire destroys £100,000s of props on set",https://www.thesun.co.uk/tv/21956748/amazon-lord-of-rings-chaos-fire-set/
16,PRE-SCHOOL TERROR,"At least four kids dead as axe attacker, 25, goes on nursery rampage",https://www.thesun.co.uk/news/21953342/brazil-axe-attack-nursery-dead/
17,BET ON IT,Under-25s to be banned from betting more than £2 per go in new shake-up,https://www.thesun.co.uk/news/21957350/gambling-under-25-banned-plans-2-pound-bets-online/
18,ARTHUR EDWARDS,When Camilla is crowned Queen it will be a day she has truly earned,https://www.thesun.co.uk/fabulous/21959052/camilla-crowned-queen-coronation-king-charles-arthur-edward/
19,ROYAL RISK,Prince Harry and Meghan face 'lose-lose' situation as King's coronation nears,https://www.thesun.co.uk/fabulous/21702957/prince-harry-news-meghan-markle-charles-coronation/
20,MONEY HELP,Universal Credit will rise for millions next week - are you due a cash boost?,https://www.thesun.co.uk/money/21843356/cost-of-living-payment-2023-latest/
21,DEADLY OP,"Brit grandmother, 54, died days after bum lift & tummy tuck in Turkey",https://www.thesun.co.uk/news/21955788/mum-died-brazilian-bum-lift-turkey/
22,LOCK AND KEY,I'm an ex-prison guard... Thomas Cashman will be caged with ‘Hannibal’ killer,https://www.thesun.co.uk/news/21953700/21953700/
23,DOLE QUEUE,James Corden breaks down as he admits he's 'terrified of being unemployed',https://www.thesun.co.uk/tvandshowbiz/21955503/james-corden-breaks-down-tears-quits-hollywood-unemployed/
24,HOLIDAY HELL,Easter travel warning as Dover to cut number of coaches allowed to avoid chaos,https://www.thesun.co.uk/news/21956488/easter-travel-warning-dover-chaos/
25,MAD VLAD,Russia 'expecting external financial support' as Putin 'fears for life',https://www.thesun.co.uk/news/21772970/ukraine-news-latest-russia-war-putin/
26,MATTHEW GOODWIN,Brits must fight against new elite of left leaning radicals,https://www.thesun.co.uk/news/21957717/fight-new-elite-left-leaning-radicals-genders-matthew-goodwin/
27,ONLINE RAID,"Market selling Facebook, Amazon & Netflix passwords of 2m users is shut down",https://www.thesun.co.uk/news/21952164/genesis-market-criminal-marketplace-shut-down/
28,TOUGH TIME,Kate and Rio Ferdinand open up on secret marriage struggle and 'giving up',https://www.thesun.co.uk/tvandshowbiz/21950311/kate-rio-ferdinand-marriage-struggle-giving-up/
29,YOU MUST BE YOLKING,Subway launch controversial new sandwich for FREE – would you eat it?,https://www.thesun.co.uk/news/21950202/subway-new-sandwich-free/
30,SUPER SKIN FOOD,The Nue Co. organic supplement brand that should be on your radar,https://www.thesun.co.uk/health/21542325/the-nue-co-organic-supplement-brand/
31,HE'S OUT,Disgraced Andrew Tate says there will be an attempt on his life in bizarre rant,https://www.thesun.co.uk/news/21704180/andrew-tate-news-release-twitter-latest/
32,WEB OUTAGE,Furious customers report issues as users face outages for a second day,https://www.thesun.co.uk/money/21932623/virgin-media-down-updates-status-service-outage/
33,HEALTH PANIC,"Ex-Italian PM Silvio Berlusconi, 86, in intensive care with heart problems",https://www.thesun.co.uk/news/21951031/ex-italian-prime-minister-silvio-belusconi-intensive-care/
34,CROSS ROADS,Watch as Mercedes collides with van - with viewers divided over who’s to blame,https://www.thesun.co.uk/motors/21952617/moment-mercedes-collides-with-a-van-at-junction/
35,DEADLY INFERNO,Woman killed in house fire and five others injured including three kids,https://www.thesun.co.uk/news/21946357/reading-fire-people-serious-injuries-house-blaze/
36,TOUGH CALL,Masterchef star Gregg Wallace breaks silence on real reason he quit BBC show,https://www.thesun.co.uk/tv/21957048/masterchef-greg-wallace-son-sid-autism-bbc-show/
37,FIRED UP,Furious Gordon Ramsay slams Gino D’Acampo - after drugs bust on private jet,https://www.thesun.co.uk/tv/21953690/gordon-ramsay-gino-dacampo-drugs-private-jet/
38,TAX BACK,I got £600 back on my council tax thanks to Martin Lewis tip - you could too,https://www.thesun.co.uk/money/21946498/council-tax-refund-martin-lewis-money-saving-expert-tip/
39,HOT POT,Axed Chelsea boss Graham Potter heads on Maldives break and checks ex-team results,https://www.thesun.co.uk/sport/21958888/axed-chelsea-boss-graham-potter-flies-off-sunshine-break/
40,MAN UTD 1 BRENTFORD 0,Rashford earns first Prem win since FEBRUARY to boost top four bid,https://www.thesun.co.uk/sport/21958165/man-utd-brentford-rashford-premier-league-win/
41,WEST HAM 1 NEWCASTLE 5,Toon romp to biggest away win in 25 YEARS and pile pressure on Irons,https://www.thesun.co.uk/sport/21948779/west-ham-vs-newcastle-live-score-latest-updates-premier-league/
42,WEST END ERLS,Haaland hits West End shops with rarely-seen girlfriend after £20m Nike deal,https://www.thesun.co.uk/sport/21953933/erling-haaland-shopping-girlfriend-nike-deal/
43,EXTRA TIME,I was a feared football hooligan… but now I'm a film producer with Oscar winners,https://www.thesun.co.uk/sport/21953764/football-hooligan-movie-producer-oscar-winner/
44,SMOKED OUT,Feyenoord vs Ajax stopped TWICE as player left with blood pouring from head,https://www.thesun.co.uk/sport/21957128/feyenoords-clash-ajax-smoke-fans/
45,FINAL SCORE,BT Sport scrapping hugely popular show and top presenters could face axe,https://www.thesun.co.uk/sport/21949870/bt-sport-jake-humphrey-sky-sack-cuts/
46,FREE SPINS,Get up to 100 free spins and 100% matched deposit bonus with Duelz Casino,https://www.thesun.co.uk/betting/21848309/matched-deposit-bonus-duelz-casino/
47,RE-AL-ITY STARS,Inside thrilling new E4 show starring Gemma Collins & Vicky Pattison,https://www.thesun.co.uk/tv/21956559/e4-alan-must-win-gemma-collins-vicky-pattison-grimshaw/
48,PAYING THE PRICE,Katie Price arrives at court-ordered community service in Carl Woods' car,https://www.thesun.co.uk/tvandshowbiz/21951568/katie-price-community-service-carl-woods-car/
49,NO DEAL,Dickinson's Real Deal star quits ITV show after whopping 14 years on screens,https://www.thesun.co.uk/tv/21948209/dickinsons-real-deal-star-quits-after-14-years/
50,GET ME OUT OF HERE!,Carol Vorderman breaks silence on I’m A Celebrity South Africa,https://www.thesun.co.uk/tvandshowbiz/21956352/carol-vorderman-im-a-celebrity-south-africa-brutal/
51,GIRL NEXT DOOR,Corrie star unrecognisable - saying she's 'sick of playing sexy b*****s',https://www.thesun.co.uk/tv/21946841/coronation-street-kimberly-hart-simpson/
52,'DISGRACEFUL',Our picturesque seaside village is becoming a ghost town after 3 pubs shut,https://www.thesun.co.uk/news/21957227/seaside-town-ghost-town-pubs-closing-dymchurch-kent/
53,UP IN FLAMES,Fire erupts at Russian defence ministry as Putin holds talks nearby at Kremlin,https://www.thesun.co.uk/news/21956243/fire-russian-defence-ministry-moscow-putin/
54,SICKLY VLAD,Moment paranoid Putin speaks to ambassadors 60 FEET away as he ‘battles cancer’,https://www.thesun.co.uk/news/21955936/putin-speaks-ambassadors-away-cancer-parkinsons/
55,DEADLY PLUNGE,Mum screamed her fiancé’s name as she fell to her death on waterfall walk,https://www.thesun.co.uk/news/21951826/mum-fell-death-brecon-beacons-waterfall/
56,ROGUES’ GALLERY,Britain's 24 most wanted men revealed as public warned do NOT approach them,https://www.thesun.co.uk/news/21947355/britains-most-wanted-men-revealed/
57,'IN CONTROL',"I thought I was going mad until docs diagnosed problem, says Natalie Anderson",https://www.thesun.co.uk/fabulous/21957022/actress-natalie-anderson-perimenopause-symptoms/
58,MYSTIC MEG,"In a love bond, one tender touch means more than a thousand words",https://www.thesun.co.uk/fabulous/horoscopes/21945945/horoscope-today-daily-star-sign-mystic-meg-april-6-2023/
59,QUIT THE LOVE RAT RACE,'UK's most feckless dad' who has 16 kids by 10 women 'settles down',https://www.thesun.co.uk/fabulous/21946341/uks-feckless-dad-finally-settles-down/
60,TWIST & SHOUT,I'm plus-size & love dancing in bikinis - trolls say they feel the shockwaves,https://www.thesun.co.uk/fabulous/21955333/plus-size-woman-dancing-bikinis-trolls-feel-shockwaves/
61,EGG-CELLENT,The colours in this Easter optical illusion are not what you think,https://www.thesun.co.uk/tech/21953464/optical-illusion-colour-changing-brain-trick/
62,AMAZING MAZDA,"Smooth, strong and quiet Mazda CX-60 Exclusive proves diesel is not dead",https://www.thesun.co.uk/motors/21959605/mazda-cx-60-exclusive-proves-diesel-test/
63,BADDEST BEEMER?,"I drove the BMW XM - it's big, blingy but costs an eye-watering amount",https://www.thesun.co.uk/motors/21959478/drove-bmw-xm-big-blingy-price-v8/
64,ON THE GO,Seven checks to do before an Easter car journey - and you could save up to £300,https://www.thesun.co.uk/money/21924321/car-checks-before-easter-bank-holiday-trip/
65,HOLDING BACK THE TEARS,"Watch as £150,000 classic Corvette takes tumble off car transporter",https://www.thesun.co.uk/motors/21949336/watch-as-classic-150000-chevrolet-corvette/
66,IDIOT DRIVER,"Watch aggressive BMW driver harass learner, then dangerously overtake",https://www.thesun.co.uk/motors/21951816/watch-aggressive-bmw-driver-harass-learner/
67,SPICY SALSA,David and Victoria Beckham show off their moves during private salsa class,https://www.thesun.co.uk/tvandshowbiz/21958717/david-victoria-beckham-strictly-come-dancing-salsa-lesson/
68,HOT MAMA,Myleene Klass looks incredible as she strips to a floral bikini with son Apollo,https://www.thesun.co.uk/tvandshowbiz/21955793/myleene-klass-floral-bikini-son-apollo-holiday/
69,CHANGING FACE,Danniella Westbrook heads for ‘major surgery’ to fix her face,https://www.thesun.co.uk/tvandshowbiz/21956057/danniella-westbrook-surgery-face-drug-addiction/
70,PICTURE PERFECT,Tom Daley shares first pictures of his son after becoming a dad again,https://www.thesun.co.uk/tvandshowbiz/21955075/tom-daley-first-pictures-son-dad-second-time/
71,MY OH MAYA,Maya Jama looks incredible in bikini as Leo DiCaprio dates revealed,https://www.thesun.co.uk/tvandshowbiz/21947020/maya-jama-bikini-leo-dicaprio/
72,EASTER BUNNY,Claim a free Thorntons Easter egg worth £10 – here’s how,https://www.thesun.co.uk/money/21796588/claim-free-thorntons-easter-egg/
73,MUST BE MAC,Boots is giving shoppers a FREE MAC Easter Egg worth £45,https://www.thesun.co.uk/fabulous/21859194/boots-free-mac-easter-egg-worth-45/
74,TALK IS CHEAP,3 months of Audible now just 99p in shock deal from Amazon,https://www.thesun.co.uk/tech/19518059/3-months-audible-amazon-99p-deal/
75,SPLASHING OUT,Four-bed terraced home goes on sale for £150k – but there’s a huge catch,https://www.thesun.co.uk/money/21956099/normal-four-bed-terraced-home/
76,SEASICK WITH ENVY,Most expensive UK seaside towns to buy a home revealed - with new winner,https://www.thesun.co.uk/money/21948620/most-expensive-uk-seaside-towns-buy-home/
77,EGG-XTRA COST,I compared regular and large Easter eggs - check the worst 'rip-offs' in 2023,https://www.thesun.co.uk/money/21937066/medium-large-easter-eggs-comparison/
78,LISTEN UP,"Job you’ve probably never heard of pays £61,000 a year & you don’t need a degree",https://www.thesun.co.uk/money/21943083/job-youve-never-heard-of/
79,SUN SAVERS,Five ways to save your dough and use up stale slices of bread,https://www.thesun.co.uk/money/21945915/five-ways-save-dough-sun-savers-money-tips/
80,SEA YA,UK beach bar that looks like it's abroad & Brits say it's the 'best in the world',https://www.thesun.co.uk/travel/21948079/uk-beach-bar-best-world-cornwall/
81,NO ROOM,Spain holiday blow as hotels scrap much-loved freebies at popular hotspot,https://www.thesun.co.uk/travel/21952053/spain-hotel-freebies-scrapped/
82,TAKE A BREAK,'Most popular' holiday habits revealed - from the relaxing to the surprising,https://www.thesun.co.uk/health/21956262/most-popular-holiday-habits-revealed/
83,SPLIT-TACULAR,The best Croatia deals from £293pp including flights this spring,https://www.thesun.co.uk/travel/21921353/croatia-best-deals-beach-holidays/
84,STRIKE OUT,Full list of airport strikes to hit families this week - are your hols affected?,https://www.thesun.co.uk/travel/21947018/full-list-airport-strikes-easter-france-spain-portugal/
85,'OUR SUNSHINE',TikTok star dies aged 18 after tragic cancer battle as family pay tribute,https://www.thesun.co.uk/news/21957989/tiktok-star-harrison-gilks-dies-cancer/
86,TAKE NOTE,Urgent NHS prescription warning ahead of Easter bank holiday - are you affected?,https://www.thesun.co.uk/health/21947394/nhs-prescriptions-warning-easter-bank-holidays/
87,BUG BEAR,Warning as scientists fear mpox mutated after vaccinated people fall sick,https://www.thesun.co.uk/health/21940593/monkeypox-mpox-mutate-vaccine/
88,MY HORROR,My vaping addiction made my lungs collapse and look like I've smoked for decades,https://www.thesun.co.uk/health/21949216/teens-lungs-collapsed-because-of-vaping-addiction/
89,DOUBLE TAKE,This optical illusion could reveal a serious mental health condition,https://www.thesun.co.uk/health/21950866/schizophrenia-test-optical-illusion/
90,"WORK HARD, PLAY HARD",I make £50k-a-year playing FIFA without leaving my room - here's how,https://www.thesun.co.uk/tech/21949462/professional-gamer-fifa-playstation-bedroom-makes-living/
91,TEXT TERROR,Google issues critical safety alert – search inbox for ‘danger phrase’,https://www.thesun.co.uk/tech/21956031/google-critical-warning-youtube-scam-email/
92,JAWS OF DEATH,World’s deadliest sharks and their ‘hunting grounds’ revealed in new list,https://www.thesun.co.uk/tech/21957450/world-deadliest-sharks-hunting-grounds-hotspot/
93,MOVE THE GOAL,I quit my football career to become a girl gamer - now I'm making history,https://www.thesun.co.uk/tech/21949686/football-to-gamer-girl-kelsie-grieg-call-of-duty/
94,GAME ON,Sky TV customers can receive another free upgrade - but there's a catch,https://www.thesun.co.uk/tech/21946834/sky-tv-customers-free-upgrade-sky-go-app-xbox/
